ts,event,mode,broker,symbol,action,entry,stop,target,qty,rank,setup,confidence,exit,pnl,pnl_pct,reason,result,price,rr,decision,scanned,candidates,positions,session_open
2026-10-07T13:20:54.911384+00:00,close,paper,paper,RELIANCE.NS,,100.0,,,,,,,85.0,-150.0,-15.0,stop-hit,FAIL,,,,,,,
2026-10-07T13:20:54.911940+00:00,scan,paper,paper,,,,,,,,,,,,,,,,,,,,0,False
2026-10-07T13:20:54.913783+00:00,screen,paper,paper,,,,,,,,,,,,,,,,,,1,RELIANCE.NS:BUY:90.0,,
2026-10-07T13:20:54.914423+00:00,order,paper,paper,RELIANCE.NS,BUY,100.0,95.0,107.5,10,90.0,pullback-long,80,,,,,,,,,,,,
2026-10-07T13:20:54.917453+00:00,screen,paper,paper,,,,,,,,,,,,,,,,,,1,RELIANCE.NS:SELL:90.0,,
2026-10-07T13:20:54.919746+00:00,screen,paper,paper,,,,,,,,,,,,,,,,,,1,RELIANCE.NS:SELL:90.0,,
2026-10-07T13:20:54.920493+00:00,order,paper,paper,RELIANCE.NS,SELL,100.0,105.0,92.0,10,90.0,composite-short,80,,,,,,,,,,,,
2026-10-07T13:20:54.922501+00:00,screen,paper,paper,,,,,,,,,,,,,,,,,,1,RELIANCE.NS:SELL:90.0,,
2026-10-07T13:20:54.923306+00:00,order,paper,paper,RELIANCE.NS,SELL,100.0,105.0,92.0,10,90.0,composite-short,80,,,,,,,,,,,,
2026-10-07T13:20:54.925210+00:00,screen,paper,paper,,,,,,,,,,,,,,,,,,1,RELIANCE.NS:BUY:90.0,,
2026-10-07T13:20:54.925800+00:00,order,paper,paper,RELIANCE.NS,BUY,100.0,105.0,92.0,10,90.0,composite-short,80,,,,,,,,,,,,
2026-10-07T13:20:54.927800+00:00,screen,paper,paper,,,,,,,,,,,,,,,,,,1,RELIANCE.NS:SELL:90.0,,
2026-10-07T13:20:54.928377+00:00,skip,paper,paper,RELIANCE.NS,SELL,,,,,90.0,composite-short,80,,,,already-holding,,,,,,,,
